b0023,b4202
b0023,b3304
b0023,b2609
b0023,b3309
b0023,b3185
b0023,b3342
b0023,b3320
b0023,b3299
b0023,b3311
b0023,b3936
b0023,b3318
b0023,b2606
b0023,b3297
b0023,b3065
b0023,b3316
b0023,b1716
b0023,b3303
b0023,b3319
b0023,b3986
b0023,b3636
b0023,b3186
b0023,b3341
b0023,b3317
b0023,b3298
b0023,b3301
b0023,b3313
b0023,b3984
b0023,b3296
b0023,b3165
b0023,b3306
b0023,b1717
b0023,b3315
b0023,b3308
b0023,b3637
b0023,b2185
b0023,b3302
b0023,b0169
b0023,b3294
b0023,b3231
b0023,b3321
b0023,b4203
b0023,b3305
b0023,b3703
b0023,b3310
b0023,b3230
b0023,b3985
b0023,b3312
b0023,b1089
b0023,b3983
b0023,b3314
b0023,b3307
b0023,b4200
b4202,b0169
b4202,b1089
b4202,b1716
b4202,b1717
b4202,b2185
b4202,b2606
b4202,b2609
b4202,b3065
b4202,b3165
b4202,b3185
b4202,b3186
b4202,b3230
b4202,b3231
b4202,b3294
b4202,b3296
b4202,b3297
b4202,b3298
b4202,b3299
b4202,b3301
b4202,b3302
b4202,b3303
b4202,b3304
b4202,b3305
b4202,b3306
b4202,b3307
b4202,b3308
b4202,b3309
b4202,b3310
b4202,b3311
b4202,b3312
b4202,b3313
b4202,b3314
b4202,b3315
b4202,b3316
b4202,b3317
b4202,b3318
b4202,b3319
b4202,b3320
b4202,b3321
b4202,b3341
b4202,b3342
b4202,b3636
b4202,b3637
b4202,b3703
b4202,b3936
b4202,b3983
b4202,b3984
b4202,b3985
b4202,b3986
b4202,b4200
b4202,b4203
b3304,b0169
b3304,b1089
b3304,b1716
b3304,b1717
b3304,b2185
b3304,b2606
b3304,b2609
b3304,b3065
b3304,b3165
b3304,b3185
b3304,b3186
b3304,b3230
b3304,b3231
b3304,b3294
b3304,b3296
b3304,b3297
b3304,b3298
b3304,b3299
b3304,b3301
b3304,b3302
b3304,b3303
b3304,b3703
b3304,b3637
b3304,b3321
b3304,b3305
b3304,b3310
b3304,b4203
b3304,b3985
b3304,b3312
b3304,b3983
b3304,b3314
b3304,b3307
b3304,b3309
b3304,b3311
b3304,b3320
b3304,b3318
b3304,b3936
b3304,b3316
b3304,b3306
b3304,b3319
b3304,b3636
b3304,b3986
b3304,b3341
b3304,b3984
b3304,b3313
b3304,b3317
b3304,b3342
b3304,b4200
b3304,b3315
b3304,b3308
b2609,b0169
b2609,b1089
b2609,b1716
b2609,b1717
b2609,b2185
b2609,b2606
b2609,b3309
b2609,b3165
b2609,b3298
b2609,b3301
b2609,b3313
b2609,b3342
b2609,b3984
b2609,b3317
b2609,b3296
b2609,b3185
b2609,b3299
b2609,b3318
b2609,b3320
b2609,b3936
b2609,b3311
b2609,b3065
b2609,b3297
b2609,b3315
b2609,b3308
b2609,b3303
b2609,b3230
b2609,b3305
b2609,b3316
b2609,b3302
b2609,b3294
b2609,b3637
b2609,b3321
b2609,b3703
b2609,b3231
b2609,b4203
b2609,b3310
b2609,b3985
b2609,b3636
b2609,b3312
b2609,b3341
b2609,b3319
b2609,b3186
b2609,b3986
b2609,b3307
b2609,b3983
b2609,b3314
b2609,b4200
b2609,b3306
b3309,b0169
b3309,b1089
b3309,b1716
b3309,b1717
b3309,b2185
b3309,b2606
b3309,b3065
b3309,b3165
b3309,b3185
b3309,b3186
b3309,b3230
b3309,b3231
b3309,b3294
b3309,b3296
b3309,b3297
b3309,b3298
b3309,b3299
b3309,b3301
b3309,b3302
b3309,b3303
b3309,b3305
b3309,b3306
b3309,b3307
b3309,b3308
b3309,b3319
b3309,b3316
b3309,b3320
b3309,b3311
b3309,b3936
b3309,b3318
b3309,b3986
b3309,b3341
b3309,b3636
b3309,b3313
b3309,b3317
b3309,b3984
b3309,b3315
b3309,b3342
b3309,b3703
b3309,b3637
b3309,b3321
b3309,b3310
b3309,b4203
b3309,b3314
b3309,b3985
b3309,b3312
b3309,b3983
b3309,b4200
b3185,b0169
b3185,b1089
b3185,b1716
b3185,b1717
b3185,b2185
b3185,b2606
b3185,b3065
b3185,b3165
b3185,b3319
b3185,b3299
b3185,b3320
b3185,b3311
b3185,b3318
b3185,b3936
b3185,b3297
b3185,b3316
b3185,b3303
b3185,b3986
b3185,b4200
b3185,b3306
b3185,b3186
b3185,b3636
b3185,b3341
b3185,b3298
b3185,b3984
b3185,b3301
b3185,b3313
b3185,b3317
b3185,b3342
b3185,b3296
b3185,b3315
b3185,b3308
b3185,b3294
b3185,b3302
b3185,b3307
b3185,b3637
b3185,b3230
b3185,b3321
b3185,b3231
b3185,b4203
b3185,b3305
b3185,b3310
b3185,b3703
b3185,b3312
b3185,b3985
b3185,b3314
b3185,b3983
b3342,b0169
b3342,b1089
b3342,b1716
b3342,b1717
b3342,b2185
b3342,b2606
b3342,b3065
b3342,b3165
b3342,b3186
b3342,b3230
b3342,b3231
b3342,b3294
b3342,b3296
b3342,b3297
b3342,b3298
b3342,b3299
b3342,b3301
b3342,b3302
b3342,b3303
b3342,b3305
b3342,b3306
b3342,b3307
b3342,b3308
b3342,b3310
b3342,b3311
b3342,b3312
b3342,b3313
b3342,b3314
b3342,b3315
b3342,b3316
b3342,b3317
b3342,b3318
b3342,b3319
b3342,b3320
b3342,b3321
b3342,b3341
b3342,b3983
b3342,b3936
b3342,b3984
b3342,b3985
b3342,b3637
b3342,b4203
b3342,b4200
b3342,b3703
b3342,b3986
b3342,b3636
b3320,b0169
b3320,b1089
b3320,b1716
b3320,b1717
b3320,b2185
b3320,b2606
b3320,b3065
b3320,b3165
b3320,b3186
b3320,b3230
b3320,b3231
b3320,b3294
b3320,b3296
b3320,b3297
b3320,b3298
b3320,b3299
b3320,b3301
b3320,b3302
b3320,b3303
b3320,b3305
b3320,b3306
b3320,b3307
b3320,b3308
b3320,b3310
b3320,b3311
b3320,b3312
b3320,b3313
b3320,b3314
b3320,b3315
b3320,b3316
b3320,b3317
b3320,b3318
b3320,b3319
b3320,b3936
b3320,b3986
b3320,b3341
b3320,b3636
b3320,b3637
b3320,b3321
b3320,b4203
b3320,b3703
b3320,b3985
b3320,b3983
b3320,b4200
b3320,b3984
b3299,b0169
b3299,b1089
b3299,b1716
b3299,b1717
b3299,b2185
b3299,b2606
b3299,b3065
b3299,b3165
b3299,b3186
b3299,b3230
b3299,b3231
b3299,b3294
b3299,b3296
b3299,b3297
b3299,b3298
b3299,b3308
b3299,b3315
b3299,b3703
b3299,b3316
b3299,b3312
b3299,b3318
b3299,b3936
b3299,b3311
b3299,b4506
b3299,b3302
b3299,b4203
b3299,b3637
b3299,b3305
b3299,b3321
b3299,b3310
b3299,b3985
b3299,b3303
b3299,b3319
b3299,b3986
b3299,b3341
b3299,b3636
b3299,b3983
b3299,b3314
b3299,b3307
b3299,b3306
b3299,b3301
b3299,b3313
b3299,b3317
b3299,b3984
b3299,b4200
b3311,b0169
b3311,b1089
b3311,b1716
b3311,b1717
b3311,b2185
b3311,b2606
b3311,b3065
b3311,b3165
b3311,b3186
b3311,b3230
b3311,b3231
b3311,b3294
b3311,b3296
b3311,b3297
b3311,b3298
b3311,b3301
b3311,b3302
b3311,b3303
b3311,b3305
b3311,b3306
b3311,b3307
b3311,b3308
b3311,b3310
b3311,b3984
b3311,b3317
b3311,b3313
b3311,b3315
b3311,b3637
b3311,b3321
b3311,b3703
b3311,b4203
b3311,b3985
b3311,b3312
b3311,b3983
b3311,b3314
b3311,b4200
b3311,b3319
b3311,b3318
b3311,b3936
b3311,b3316
b3311,b3636
b3311,b3341
b3311,b3986
b3936,b0169
b3936,b0296
b3936,b1089
b3936,b1716
b3936,b1717
b3936,b2185
b3936,b2606
b3936,b3065
b3936,b3165
b3936,b3186
b3936,b3230
b3936,b3231
b3936,b3294
b3936,b3296
b3936,b3297
b3936,b3298
b3936,b3301
b3936,b3302
b3936,b3303
b3936,b3305
b3936,b3306
b3936,b3307
b3936,b3308
b3936,b3310
b3936,b3312
b3936,b3313
b3936,b3314
b3936,b3315
b3936,b3316
b3936,b3317
b3936,b3318
b3936,b3319
b3936,b3321
b3936,b3341
b3936,b3636
b3936,b3637
b3936,b3703
b3936,b3984
b3936,b4203
b3936,b4200
b3936,b3986
b3936,b3985
b3936,b3983
b3318,b0169
b3318,b1089
b3318,b1716
b3318,b1717
b3318,b2185
b3318,b2606
b3318,b3065
b3318,b3165
b3318,b3186
b3318,b3230
b3318,b3231
b3318,b3294
b3318,b3296
b3318,b3297
b3318,b3298
b3318,b3301
b3318,b3302
b3318,b3303
b3318,b3305
b3318,b3306
b3318,b3307
b3318,b3308
b3318,b3310
b3318,b3312
b3318,b3313
b3318,b3314
b3318,b3315
b3318,b3316
b3318,b3317
b3318,b4200
b3318,b3986
b3318,b3319
b3318,b3341
b3318,b3636
b3318,b3984
b3318,b3637
b3318,b3321
b3318,b3703
b3318,b4203
b3318,b3985
b3318,b3983
b2606,b0169
b2606,b1089
b2606,b1716
b2606,b1717
b2606,b2185
b2606,b3703
b2606,b3230
b2606,b3065
b2606,b3297
b2606,b3316
b2606,b3310
b2606,b3165
b2606,b3186
b2606,b3303
b2606,b3319
b2606,b3986
b2606,b3341
b2606,b3636
b2606,b3298
b2606,b3301
b2606,b3313
b2606,b3317
b2606,b3984
b2606,b3296
b2606,b3312
b2606,b3985
b2606,b3983
b2606,b3314
b2606,b3307
b2606,b3231
b2606,b4203
b2606,b3305
b2606,b3321
b2606,b4200
b2606,b3315
b2606,b3308
b2606,b3637
b2606,b3302
b2606,b3294
b2606,b3306
b3297,b0169
b3297,b1089
b3297,b1716
b3297,b1717
b3297,b2185
b3297,b3065
b3297,b3165
b3297,b3186
b3297,b3230
b3297,b3231
b3297,b3294
b3297,b3296
b3297,b3308
b3297,b3315
b3297,b3305
b3297,b3302
b3297,b3637
b3297,b3321
b3297,b4203
b3297,b3310
b3297,b3703
b3297,b3312
b3297,b3985
b3297,b3307
b3297,b3983
b3297,b3314
b3297,b3306
b3297,b4200
b3297,b3316
b3297,b3303
b3297,b3319
b3297,b3986
b3297,b3341
b3297,b3636
b3297,b3298
b3297,b3301
b3297,b3313
b3297,b3317
b3297,b3984
b3065,b0169
b3065,b1089
b3065,b1716
b3065,b1717
b3065,b2185
b3065,b3294
b3065,b3703
b3065,b3316
b3065,b3303
b3065,b3186
b3065,b3319
b3065,b3986
b3065,b3636
b3065,b3341
b3065,b3307
b3065,b3298
b3065,b3301
b3065,b3313
b3065,b3317
b3065,b3984
b3065,b3296
b3065,b3165
b3065,b3308
b3065,b3315
b3065,b3302
b3065,b3312
b3065,b3230
b3065,b3985
b3065,b3314
b3065,b3983
b3065,b4200
b3065,b3306
b3065,b3310
b3065,b4203
b3065,b3305
b3065,b3231
b3065,b3321
b3065,b3637
b3316,b0169
b3316,b1089
b3316,b1716
b3316,b1717
b3316,b2185
b3316,b3165
b3316,b3186
b3316,b3230
b3316,b3231
b3316,b3294
b3316,b3296
b3316,b3298
b3316,b3301
b3316,b3302
b3316,b3303
b3316,b3305
b3316,b3306
b3316,b3307
b3316,b3308
b3316,b3310
b3316,b3312
b3316,b3313
b3316,b3314
b3316,b3315
b3316,b3319
b3316,b3986
b3316,b3341
b3316,b3636
b3316,b3984
b3316,b3317
b3316,b3321
b3316,b3637
b3316,b4203
b3316,b3703
b3316,b3985
b3316,b3983
b3316,b4200
b1716,b0169
b1716,b1089
b1716,b3312
b1716,b3985
b1716,b3703
b1716,b3230
b1716,b3310
b1716,b3231
b1716,b4203
b1716,b3305
b1716,b3303
b1716,b3319
b1716,b3341
b1716,b3986
b1716,b3636
b1716,b3186
b1716,b3313
b1716,b3298
b1716,b3301
b1716,b3984
b1716,b3317
b1716,b3296
b1716,b3165
b1716,b1717
b1716,b3315
b1716,b3308
b1716,b3302
b1716,b2185
b1716,b3294
b1716,b3321
b1716,b3637
b1716,b3314
b1716,b3983
b1716,b3307
b1716,b3306
b1716,b4200
b3303,b0169
b3303,b1089
b3303,b1717
b3303,b2185
b3303,b3165
b3303,b3186
b3303,b3230
b3303,b3231
b3303,b3294
b3303,b3296
b3303,b3298
b3303,b3301
b3303,b3302
b3303,b3315
b3303,b3308
b3303,b3637
b3303,b3321
b3303,b3305
b3303,b4203
b3303,b3310
b3303,b3703
b3303,b3985
b3303,b3312
b3303,b3319
b3303,b3986
b3303,b3341
b3303,b3636
b3303,b3313
b3303,b3983
b3303,b3984
b3303,b3317
b3303,b3314
b3303,b3307
b3303,b3306
b3303,b4200
b3319,b0169
b3319,b1089
b3319,b1717
b3319,b2185
b3319,b3165
b3319,b3186
b3319,b3230
b3319,b3231
b3319,b3294
b3319,b3296
b3319,b3298
b3319,b3301
b3319,b3302
b3319,b3305
b3319,b3306
b3319,b3307
b3319,b3308
b3319,b3310
b3319,b3312
b3319,b3313
b3319,b3314
b3319,b3315
b3319,b3317
b3319,b4200
b3319,b3984
b3319,b3637
b3319,b3321
b3319,b4203
b3319,b3703
b3319,b3985
b3319,b3341
b3319,b3636
b3319,b3986
b3319,b3983
b3986,b0169
b3986,b1089
b3986,b1717
b3986,b2185
b3986,b3165
b3986,b3186
b3986,b3230
b3986,b3231
b3986,b3294
b3986,b3296
b3986,b3298
b3986,b3301
b3986,b3302
b3986,b3305
b3986,b3306
b3986,b3307
b3986,b3308
b3986,b3310
b3986,b3312
b3986,b3313
b3986,b3314
b3986,b3315
b3986,b3317
b3986,b3321
b3986,b3341
b3986,b3636
b3986,b3637
b3986,b3703
b3986,b3983
b3986,b3984
b3986,b3985
b3986,b4203
b3986,b4200
b3636,b0169
b3636,b1089
b3636,b1717
b3636,b2185
b3636,b3165
b3636,b3186
b3636,b3230
b3636,b3231
b3636,b3294
b3636,b3296
b3636,b3298
b3636,b3301
b3636,b3302
b3636,b3305
b3636,b3306
b3636,b3307
b3636,b3308
b3636,b3310
b3636,b3312
b3636,b3313
b3636,b3314
b3636,b3315
b3636,b3317
b3636,b3321
b3636,b3341
b3636,b3983
b3636,b4200
b3636,b3984
b3636,b3637
b3636,b4203
b3636,b3703
b3636,b3985
b3186,b0169
b3186,b1089
b3186,b1717
b3186,b2185
b3186,b3165
b3186,b3298
b3186,b3341
b3186,b3984
b3186,b3301
b3186,b3317
b3186,b3313
b3186,b3296
b3186,b3315
b3186,b3308
b3186,b4203
b3186,b3302
b3186,b3294
b3186,b3305
b3186,b3637
b3186,b3321
b3186,b3230
b3186,b3231
b3186,b3310
b3186,b3703
b3186,b3312
b3186,b3985
b3186,b3983
b3186,b3307
b3186,b3314
b3186,b3306
b3186,b4200
b3341,b0169
b3341,b1089
b3341,b1717
b3341,b2185
b3341,b3165
b3341,b3230
b3341,b3231
b3341,b3294
b3341,b3296
b3341,b3298
b3341,b3301
b3341,b3302
b3341,b3305
b3341,b3306
b3341,b3307
b3341,b3308
b3341,b3310
b3341,b3312
b3341,b3313
b3341,b3314
b3341,b3315
b3341,b3317
b3341,b3321
b3341,b3984
b3341,b3983
b3341,b3637
b3341,b4203
b3341,b3703
b3341,b3985
b3341,b4200
b3317,b0169
b3317,b1089
b3317,b1717
b3317,b2185
b3317,b3165
b3317,b3230
b3317,b3231
b3317,b3294
b3317,b3296
b3317,b3298
b3317,b3301
b3317,b3302
b3317,b3305
b3317,b3306
b3317,b3307
b3317,b3308
b3317,b3310
b3317,b3312
b3317,b3313
b3317,b3314
b3317,b3315
b3317,b4200
b3317,b3984
b3317,b3321
b3317,b3637
b3317,b4203
b3317,b3703
b3317,b3985
b3317,b3983
b3298,b0169
b3298,b1089
b3298,b1717
b3298,b2185
b3298,b3165
b3298,b3230
b3298,b3231
b3298,b3294
b3298,b3296
b3298,b3315
b3298,b3301
b3298,b3313
b3298,b3984
b3298,b3302
b3298,b3637
b3298,b4203
b3298,b3321
b3298,b3305
b3298,b3310
b3298,b3703
b3298,b3985
b3298,b3312
b3298,b3983
b3298,b3314
b3298,b3307
b3298,b3306
b3298,b4200
b3298,b3308
b3301,b0169
b3301,b1089
b3301,b1717
b3301,b2185
b3301,b3165
b3301,b3230
b3301,b3231
b3301,b3294
b3301,b3296
b3301,b3313
b3301,b3984
b3301,b3315
b3301,b3308
b3301,b3307
b3301,b3306
b3301,b4200
b3301,b3302
b3301,b3637
b3301,b3312
b3301,b3321
b3301,b4203
b3301,b3305
b3301,b3310
b3301,b3703
b3301,b3985
b3301,b3314
b3301,b3983
b3313,b0169
b3313,b1089
b3313,b1717
b3313,b2185
b3313,b3165
b3313,b3230
b3313,b3231
b3313,b3294
b3313,b3296
b3313,b3302
b3313,b3305
b3313,b3306
b3313,b3307
b3313,b3308
b3313,b3310
b3313,b3312
b3313,b4203
b3313,b3321
b3313,b3703
b3313,b3985
b3313,b3983
b3313,b3314
b3313,b4200
b3313,b3637
b3313,b3984
b3313,b3315
b3984,b0169
b3984,b1089
b3984,b1717
b3984,b2185
b3984,b3165
b3984,b3230
b3984,b3231
b3984,b3294
b3984,b3296
b3984,b3302
b3984,b3305
b3984,b3306
b3984,b3307
b3984,b3308
b3984,b3310
b3984,b3312
b3984,b3314
b3984,b3315
b3984,b3321
b3984,b3637
b3984,b3703
b3984,b3983
b3984,b4200
b3984,b4203
b3984,b3985
b3296,b0169
b3296,b1089
b3296,b1717
b3296,b2185
b3296,b3165
b3296,b3230
b3296,b3231
b3296,b3294
b3296,b3305
b3296,b4203
b3296,b3310
b3296,b3703
b3296,b3312
b3296,b3985
b3296,b3983
b3296,b3314
b3296,b3307
b3296,b3306
b3296,b4200
b3296,b3315
b3296,b3308
b3296,b3321
b3296,b3302
b3296,b3637
b3165,b0169
b3165,b1089
b3165,b1717
b3165,b2185
b3165,b3315
b3165,b3308
b3165,b3302
b3165,b3294
b3165,b3321
b3165,b3637
b3165,b3231
b3165,b4203
b3165,b3305
b3165,b3310
b3165,b3703
b3165,b3230
b3165,b3985
b3165,b3312
b3165,b3983
b3165,b3314
b3165,b3307
b3165,b3306
b3165,b4200
b3306,b0169
b3306,b1089
b3306,b1717
b3306,b2185
b3306,b3230
b3306,b3231
b3306,b3294
b3306,b3302
b3306,b3305
b3306,b3312
b3306,b3985
b3306,b3983
b3306,b3307
b3306,b3314
b3306,b4200
b3306,b3703
b3306,b3315
b3306,b3308
b3306,b3637
b3306,b3321
b3306,b4203
b3306,b3310
b1717,b0169
b1717,b1089
b1717,b3315
b1717,b3308
b1717,b3294
b1717,b3302
b1717,b2185
b1717,b3637
b1717,b3703
b1717,b3321
b1717,b3305
b1717,b3231
b1717,b4203
b1717,b3310
b1717,b3230
b1717,b3312
b1717,b3985
b1717,b3983
b1717,b3307
b1717,b3314
b1717,b4200
b3315,b0169
b3315,b1089
b3315,b2185
b3315,b3230
b3315,b3231
b3315,b3294
b3315,b3302
b3315,b3305
b3315,b3307
b3315,b3308
b3315,b3310
b3315,b3312
b3315,b3314
b3315,b3321
b3315,b3637
b3315,b4203
b3315,b3703
b3315,b3985
b3315,b3983
b3315,b4200
b3308,b0169
b3308,b1089
b3308,b2185
b3308,b3230
b3308,b3231
b3308,b3294
b3308,b3302
b3308,b3305
b3308,b3307
b3308,b3637
b3308,b3321
b3308,b3310
b3308,b4203
b3308,b3703
b3308,b3312
b3308,b3985
b3308,b3983
b3308,b3314
b3308,b4200
b3637,b0169
b3637,b1089
b3637,b2185
b3637,b3230
b3637,b3231
b3637,b3294
b3637,b3302
b3637,b3305
b3637,b3307
b3637,b3310
b3637,b3312
b3637,b3314
b3637,b3321
b3637,b4203
b3637,b3703
b3637,b3985
b3637,b3983
b3637,b4200
b2185,b0169
b2185,b1089
b2185,b3230
b2185,b3294
b2185,b3302
b2185,b3321
b2185,b3231
b2185,b3305
b2185,b4203
b2185,b3310
b2185,b3703
b2185,b3312
b2185,b3985
b2185,b3983
b2185,b3314
b2185,b3307
b2185,b4200
b3302,b0169
b3302,b1089
b3302,b3230
b3302,b3231
b3302,b3294
b3302,b3305
b3302,b3321
b3302,b3983
b3302,b3314
b3302,b3307
b3302,b4200
b3302,b3312
b3302,b3985
b3302,b4203
b3302,b3310
b3302,b3703
b0169,b3305
b0169,b3294
b0169,b3321
b0169,b3985
b0169,b4203
b0169,b3231
b0169,b3310
b0169,b3703
b0169,b3230
b0169,b3312
b0169,b1089
b0169,b3983
b0169,b3314
b0169,b3307
b0169,b4200
b3294,b1089
b3294,b3230
b3294,b3231
b3294,b3307
b3294,b3314
b3294,b3321
b3294,b3312
b3294,b3985
b3294,b3983
b3294,b3305
b3294,b4203
b3294,b4200
b3294,b3310
b3294,b3703
b3231,b1089
b3231,b3230
b3231,b3983
b3231,b3307
b3231,b3314
b3231,b3312
b3231,b3985
b3231,b4200
b3231,b3321
b3231,b3305
b3231,b4203
b3231,b3310
b3231,b3703
b3321,b1089
b3321,b3230
b3321,b3305
b3321,b3307
b3321,b3310
b3321,b3312
b3321,b3314
b3321,b3985
b3321,b3983
b3321,b4200
b3321,b3703
b3321,b4203
b4203,b1089
b4203,b3230
b4203,b3305
b4203,b3307
b4203,b3310
b4203,b3312
b4203,b3314
b4203,b3703
b4203,b3983
b4203,b3985
b4203,b4200
b3305,b1089
b3305,b3230
b3305,b3310
b3305,b3703
b3305,b4200
b3305,b3985
b3305,b3312
b3305,b3983
b3305,b3314
b3305,b3307
b3703,b1089
b3703,b3230
b3703,b3307
b3703,b3310
b3703,b3312
b3703,b3314
b3703,b3983
b3703,b3985
b3703,b4200
b3310,b1089
b3310,b3230
b3310,b3307
b3310,b3312
b3310,b3985
b3310,b3983
b3310,b3314
b3310,b4200
b3230,b1089
b3230,b4200
b3230,b3985
b3230,b3312
b3230,b3983
b3230,b3314
b3230,b3307
b3985,b1089
b3985,b3307
b3985,b3312
b3985,b3314
b3985,b3983
b3985,b4200
b3312,b1089
b3312,b3307
b3312,b3983
b3312,b3314
b3312,b4200
b1089,b3314
b1089,b3983
b1089,b3307
b1089,b4200
b3983,b3307
b3983,b3314
b3983,b4200
b3314,b3307
b3314,b4200
b3307,b4200
